source,Unnamed: 0,ra,dec,flux (Jy),weighted flux (Jy),percent flux,Good
J141120+521209,7,212.8359583333333 deg,52.2025 deg,22.7201,,,True
J144301+520138,8,220.75416666666663 deg,52.02722222222222 deg,2.543,,,True
J203837+511913,14,309.6542083333333 deg,51.32030555555556 deg,6.0808,,,True
J232226+505752,21,350.6083333333333 deg,50.964444444444446 deg,1.2935,,,True
J004308+520334,25,10.786624999999999 deg,52.059555555555555 deg,11.534,,,True
J014829+533243,28,27.12083333333333 deg,53.54527777777778 deg,3.8328,,,True
J033743+504552,32,54.42916666666666 deg,50.76444444444444 deg,3.335,,,True
J054236+495107,39,85.64999999999999 deg,49.85194444444445 deg,22.8796,,,True
