,source,ra,dec,flux (Jy),weighted flux (Jy),percent flux
0,J083454+553421,128.72879 deg,55.5725 deg,8.283100000000001,5.562538216088189,0.8702081710731322
1,J032719+552029,51.83021 deg,55.34139 deg,6.9382,5.444497337222072,0.6253995562249856
3,J065514+540900,103.81158 deg,54.15 deg,3.68,3.530823795631587,0.6507497120140016
4,J141120+521209,212.83596 deg,52.2025 deg,22.7201,2.871508088124371,0.8738764412838967
5,J014829+533243,27.12367 deg,53.5455 deg,3.8328,2.801253869610438,0.8513226587871826
8,J103507+562847,158.77933 deg,56.47981 deg,1.8019,2.357125845450602,0.6257234731080977
9,J095738+552257,149.40908 deg,55.38261 deg,3.0791999999999997,2.357125845450602,0.6257234731080977
19,J003101+540150,7.75717 deg,54.03056 deg,1.389,1.2891366405095246,0.6443642999509177
