,source,ra,dec,flux (Jy),weighted flux (Jy),percent flux
0,J053428+220202,83.61679 deg,22.03403 deg,324.323,133.03316599559435,0.3801735272720925
1,J201427+233452,303.61492 deg,23.58136 deg,13.6844,13.50969792456949,0.8828423368701379
2,J133037+250911,202.65704 deg,25.15306 deg,7.0522,4.238535548044629,0.8319233936943748
3,J012959+233819,22.49912 deg,23.63872 deg,2.9409,2.9204188833960787,0.5817195772743741
4,J045643+224922,74.17929 deg,22.82281 deg,3.4328000000000003,2.644158459068642,0.725923250496874
5,J232128+234648,350.369 deg,23.78025 deg,1.4706,1.4704459597680857,0.6514776833269886
6,J082324+222303,125.853 deg,22.38436 deg,2.2724,1.298965012056412,0.5033947543681578
7,J041243+230506,63.18167 deg,23.08503 deg,1.4761,1.2850972080096792,0.6614214305358999
